226afb4f-600d-481e-89bc-7a3e36d692ce,Charlotte_Toy75,Margret.Keeling@hotmail.com
4bb6cdc8-b647-429c-a47f-65f713417207,Chelsey_Leuschke,Eda.Nolan@hotmail.com
273aec16-77d0-4dad-970b-df4884444479,Braeden38,Carter87@yahoo.com
4dcacda8-5c27-4790-8234-3766edae67a4,Lulu45,Malcolm81@gmail.com
5e2d4dbd-d742-40ae-aa57-90cb3e5bbb8d,Horacio_Kub,Deshawn_Powlowski17@hotmail.com
d924e44d-aaac-41a9-b3d3-bad72a451718,Crawford_Hettinger,Jayme_Stoltenberg49@hotmail.com
b19c4d7b-bfd7-4270-8be4-17fb185c54f1,Jody.Luettgen73,Zula13@hotmail.com
ab15a2b4-8f29-4f38-b89c-bf644fbcb49d,Elmer55,Mathew1@gmail.com
a278bd58-d200-4dd1-bf5e-3af31f33b4dd,Alexandria.Parker,Moshe.Koch2@hotmail.com
f0ad4d9b-6eb9-4287-8240-b0ac74686a46,Wilbert_Wunsch44,Yessenia3@yahoo.com
2f27f552-eab1-4d55-950b-9b10b720ac78,Lelah_Crona,Maureen.Kuhic@hotmail.com
4cfef101-3de9-454a-aacd-66765cd391a8,Nannie.Feeney,Lizeth62@gmail.com
e3b09adc-c7fa-4466-b3b3-47d32bab5d69,Chris38,Burley.Block@hotmail.com
a037ebbf-e6b9-4fc6-8b36-1344c7730c33,Cristina_Feil26,Pietro.Altenwerth@yahoo.com
561986a7-cf31-445a-953b-923225a3364f,Damian_Ullrich84,Assunta74@yahoo.com
4578d10d-26cb-42ef-8ce0-62aa0406714f,Jacynthe45,Hilda_Schneider@gmail.com
78d3a2e9-13f6-45cb-8ad7-3a5b6e3c7060,Shanel42,Jayson84@hotmail.com
44edb291-2ceb-4162-9008-048a28c7fe6a,Jackson.Huels5,Jillian_Pouros@gmail.com
5608a455-3cbd-44aa-8d9b-de50b46e1c0f,Claudia.Stokes2,Mac_Fay29@hotmail.com
281d43ca-a6fe-410b-9031-461c796fc332,Johnathan_Oberbrunner,Keenan.Halvorson@gmail.com
81d1188b-441d-44fb-bf8c-0154a50edaad,King_Morar,Opal_Harris@gmail.com
079114e3-aae5-4d71-ba13-3088f88b6622,Angus6,Jonathan_Armstrong39@hotmail.com
62cbe15e-4845-40c3-8c43-c544d0d9d861,Carolina.Considine,Ward10@gmail.com
056ca9d3-d492-46f0-aa6f-291ee266f2ac,Nikolas.Emard,Braeden_Wisoky37@gmail.com
93a812eb-b5e3-4732-b357-e23a63247fe7,Lucas_Schuster78,Maxwell16@hotmail.com
ad9c7929-9900-4e72-b5cf-1f7961d5d450,Eudora.Trantow24,Rex25@gmail.com
3dab0fd8-8c24-4c8c-99cb-2de0aca3aaa4,Jacquelyn.Parker,Mitchell.Christiansen@gmail.com
58289ea3-350f-4d24-b04f-d9f9668d5481,Westley_Tillman-Stanton15,Verna6@yahoo.com
5e4164f8-b2ca-49b8-8b87-e48f8ca7dd45,Velva.Schimmel89,Rickie41@gmail.com
5dca9465-df03-44a6-9cc1-98caeea0a79d,Jeffery87,Andreanne_Douglas-Hayes88@hotmail.com
aa3a8ae7-3e17-4f3b-9a11-8d2a0f71d106,Marguerite_Bernhard,Salvador_Considine53@hotmail.com
101853e3-e3c9-4478-b6c8-3bb3e7bb7d98,Toy.Bashirian,Savanah.Kuhic-Kuvalis@hotmail.com
2e475d2b-704a-42d3-a742-b29393a74540,Kenyon37,Jake57@hotmail.com
7314e16d-aa63-468c-9b5c-13c1df67ac48,Izaiah_Balistreri73,Brain.Kohler@yahoo.com
9e110943-9eef-414c-ab11-893564759816,Jaycee53,Eryn80@hotmail.com
5a8e80d9-21b2-4eae-8226-1d574fbc63c5,Willard24,Alessia.Legros@hotmail.com
282ef460-8ae0-4e25-be27-bd2ad4690bca,Cayla84,Foster.Moore@hotmail.com
495fd647-eb5c-4923-affa-2088339e9fde,Gillian_Cassin6,Matteo7@gmail.com
0acee688-aaad-46b4-9655-af602e3fafbc,Tavares44,Marta39@yahoo.com
cdd9e16b-a51c-4b44-b779-2a5d4555bf1b,Ressie67,Billy.Kris25@yahoo.com
31022ddf-dde5-4f75-9e4a-a04306175f9c,Gage.Baumbach,Benjamin81@hotmail.com
f1b12034-e316-40dd-8035-cb9d5f494f0e,Dax_Kling94,Brigitte_Yundt@yahoo.com
a50ed4c8-e112-47a4-aa85-63d1a284fe0d,Loren_Emard,Bonnie.Kris@yahoo.com
a2b5616e-d954-41c9-945d-4d827d5da16a,Jeffrey.MacGyver35,Marlee_Effertz-Denesik@hotmail.com
23efa027-5362-4b3d-ac92-ecc4dc10ceec,Charlene_Beatty72,Nels.Labadie20@yahoo.com
285af012-dd8d-471c-8f06-04cd3f4e07a8,Reba_MacGyver8,Anahi17@hotmail.com
e13906bb-e229-4fcf-a5fa-087a1ffd7162,Ruth99,Dewitt.Jerde@yahoo.com
74b87a63-7343-400d-874d-a10e2f9191d4,Jamal_Lehner92,Bryon.Cormier10@gmail.com
71f55bb4-c6f4-4d3d-8e41-40a682c6038f,David_Rowe93,Izabella_Farrell@hotmail.com